{"cameraMode":{"drawMode":0,"name":"Shaded","section":"Shading Mode"},"sceneLighting":false,"audioPlay":false,"sceneViewState":{"showFog":true,"showMaterialUpdate":false,"showSkybox":false,"showFlares":true,"showImageEffects":true,"showParticleSystems":true},"in2DMode":false,"pivot":{"x":0.8312728404998779,"y":-0.8728344440460205,"z":-2.9563026428222658},"rotation":{"x":0.055682022124528888,"y":-0.9430978894233704,"z":0.2552412450313568,"w":0.20574375987052918},"size":2.5654242038726808,"orthographic":false}