{"cameraMode":{"drawMode":0,"name":"Shaded","section":"Shading Mode"},"sceneLighting":false,"audioPlay":false,"sceneViewState":{"showFog":true,"showMaterialUpdate":false,"showSkybox":false,"showFlares":true,"showImageEffects":true,"showParticleSystems":true},"in2DMode":false,"pivot":{"x":44.732322692871097,"y":0.9976348876953125,"z":-4.6683197021484379},"rotation":{"x":0.22417359054088593,"y":-0.7383119463920593,"z":0.29318034648895266,"w":0.5645321607589722},"size":1.3059594631195069,"orthographic":false}