{"cameraMode":{"drawMode":0,"name":"Shaded","section":"Shading Mode"},"sceneLighting":true,"audioPlay":false,"sceneViewState":{"showFog":true,"showMaterialUpdate":false,"showSkybox":true,"showFlares":true,"showImageEffects":true,"showParticleSystems":true},"in2DMode":false,"pivot":{"x":-53.4803581237793,"y":22.63763427734375,"z":0.00001049041748046875},"rotation":{"x":0.20933188498020173,"y":-0.39426136016845705,"z":0.09272979944944382,"w":0.8900225758552551},"size":63.245548248291019,"orthographic":false}