{"cameraMode":{"drawMode":0,"name":"Shaded","section":"Shading Mode"},"sceneLighting":false,"audioPlay":false,"sceneViewState":{"showFog":true,"showMaterialUpdate":false,"showSkybox":false,"showFlares":true,"showImageEffects":true,"showParticleSystems":true},"in2DMode":false,"pivot":{"x":0.12302255630493164,"y":-0.08435869216918946,"z":0.8879167437553406},"rotation":{"x":0.3356165587902069,"y":-0.6239647269248962,"z":0.33804258704185488,"w":0.6194857358932495},"size":4.0281596183776859,"orthographic":false}