{"cameraMode":{"drawMode":0,"name":"Shaded","section":"Shading Mode"},"sceneLighting":false,"audioPlay":false,"sceneViewState":{"showFog":true,"showMaterialUpdate":false,"showSkybox":false,"showFlares":true,"showImageEffects":true,"showParticleSystems":true},"in2DMode":false,"pivot":{"x":0.673774242401123,"y":0.4242905378341675,"z":-1.0913900136947632},"rotation":{"x":0.14671888947486878,"y":-0.7236787676811218,"z":0.16220681369304658,"w":0.6545681953430176},"size":1.4651343822479249,"orthographic":false}