{"cameraMode":{"drawMode":0,"name":"Shaded","section":"Shading Mode"},"sceneLighting":false,"audioPlay":false,"sceneViewState":{"showFog":true,"showMaterialUpdate":false,"showSkybox":false,"showFlares":true,"showImageEffects":true,"showParticleSystems":true},"in2DMode":false,"pivot":{"x":-0.00679432600736618,"y":-0.012567639350891114,"z":0.015990642830729486},"rotation":{"x":0.17035338282585145,"y":-0.6453859806060791,"z":0.15077076852321626,"w":0.7291994690895081},"size":3.3763678073883058,"orthographic":false}